[
  { "temperature": 48, "humidity": 10, "pressure": 22, "isActive": false },
  { "temperature": 48, "humidity": 0, "pressure": 57, "isActive": true },
  { "temperature": 48, "humidity": 9, "pressure": 12, "isActive": false },
  { "temperature": 48, "humidity": 9, "pressure": 44, "isActive": true },
  { "temperature": 48, "humidity": 0, "pressure": 50, "isActive": true },
  { "temperature": 40, "humidity": 4, "pressure": 37, "isActive": true },
  { "temperature": 40, "humidity": 3, "pressure": 21, "isActive": true },
  { "temperature": 48, "humidity": 4, "pressure": 42, "isActive": true },
  { "temperature": 48, "humidity": 1, "pressure": 38, "isActive": true },
  { "temperature": 48, "humidity": 3, "pressure": 30, "isActive": true },
  { "temperature": 48, "humidity": 5, "pressure": 13, "isActive": false },
  { "temperature": 48, "humidity": 0, "pressure": 54, "isActive": true },
  { "temperature": 40, "humidity": 7, "pressure": 30, "isActive": true },
  { "temperature": 48, "humidity": 10, "pressure": 35, "isActive": false },
  { "temperature": 48, "humidity": 8, "pressure": 49, "isActive": false },
  { "temperature": 40, "humidity": 5, "pressure": 14, "isActive": true },
  { "temperature": 40, "humidity": 6, "pressure": 23, "isActive": true },
  { "temperature": 40, "humidity": 3, "pressure": 26, "isActive": true },
  { "temperature": 40, "humidity": 3, "pressure": 35, "isActive": true },
  { "temperature": 48, "humidity": 4, "pressure": 37, "isActive": false },
  { "temperature": 48, "humidity": 10, "pressure": 19, "isActive": true },
  { "temperature": 40, "humidity": 3, "pressure": 31, "isActive": false },
  { "temperature": 40, "humidity": 0, "pressure": 15, "isActive": true },
  { "temperature": 40, "humidity": 7, "pressure": 13, "isActive": false },
  { "temperature": 40, "humidity": 6, "pressure": 25, "isActive": true },
  { "temperature": 48, "humidity": 2, "pressure": 59, "isActive": true },
  { "temperature": 48, "humidity": 2, "pressure": 30, "isActive": true },
  { "temperature": 40, "humidity": 9, "pressure": 13, "isActive": false },
  { "temperature": 48, "humidity": 2, "pressure": 47, "isActive": false },
  { "temperature": 40, "humidity": 7, "pressure": 26, "isActive": false },
  { "temperature": 48, "humidity": 3, "pressure": 30, "isActive": true },
  { "temperature": 48, "humidity": 2, "pressure": 23, "isActive": false },
  { "temperature": 40, "humidity": 5, "pressure": 19, "isActive": true },
  { "temperature": 40, "humidity": 4, "pressure": 32, "isActive": false },
  { "temperature": 48, "humidity": 9, "pressure": 45, "isActive": true },
  { "temperature": 48, "humidity": 4, "pressure": 29, "isActive": true },
  { "temperature": 48, "humidity": 3, "pressure": 48, "isActive": true },
  { "temperature": 48, "humidity": 6, "pressure": 51, "isActive": false },
  { "temperature": 48, "humidity": 3, "pressure": 23, "isActive": false },
  { "temperature": 40, "humidity": 8, "pressure": 40, "isActive": true },
  { "temperature": 48, "humidity": 7, "pressure": 29, "isActive": false },
  { "temperature": 40, "humidity": 5, "pressure": 47, "isActive": true },
  { "temperature": 48, "humidity": 1, "pressure": 44, "isActive": true },
  { "temperature": 40, "humidity": 7, "pressure": 16, "isActive": false },
  { "temperature": 40, "humidity": 4, "pressure": 14, "isActive": true },
  { "temperature": 48, "humidity": 2, "pressure": 27, "isActive": true },
  { "temperature": 40, "humidity": 9, "pressure": 31, "isActive": true },
  { "temperature": 48, "humidity": 3, "pressure": 37, "isActive": true },
  { "temperature": 48, "humidity": 9, "pressure": 40, "isActive": true },
  { "temperature": 40, "humidity": 7, "pressure": 58, "isActive": false },
  { "temperature": 48, "humidity": 8, "pressure": 38, "isActive": true },
  { "temperature": 40, "humidity": 6, "pressure": 26, "isActive": true },
  { "temperature": 40, "humidity": 7, "pressure": 20, "isActive": true },
  { "temperature": 40, "humidity": 2, "pressure": 25, "isActive": false },
  { "temperature": 48, "humidity": 9, "pressure": 15, "isActive": false },
  { "temperature": 48, "humidity": 0, "pressure": 58, "isActive": false },
  { "temperature": 48, "humidity": 2, "pressure": 58, "isActive": false },
  { "temperature": 48, "humidity": 9, "pressure": 58, "isActive": true },
  { "temperature": 48, "humidity": 9, "pressure": 26, "isActive": false },
  { "temperature": 40, "humidity": 8, "pressure": 48, "isActive": false },
  { "temperature": 48, "humidity": 8, "pressure": 45, "isActive": true },
  { "temperature": 40, "humidity": 4, "pressure": 27, "isActive": false },
  { "temperature": 48, "humidity": 7, "pressure": 47, "isActive": true },
  { "temperature": 40, "humidity": 2, "pressure": 53, "isActive": false },
  { "temperature": 48, "humidity": 7, "pressure": 15, "isActive": true },
  { "temperature": 40, "humidity": 8, "pressure": 17, "isActive": true },
  { "temperature": 40, "humidity": 6, "pressure": 45, "isActive": false },
  { "temperature": 40, "humidity": 8, "pressure": 33, "isActive": false },
  { "temperature": 48, "humidity": 9, "pressure": 22, "isActive": true },
  { "temperature": 48, "humidity": 8, "pressure": 10, "isActive": false },
  { "temperature": 40, "humidity": 2, "pressure": 54, "isActive": true },
  { "temperature": 40, "humidity": 6, "pressure": 14, "isActive": true },
  { "temperature": 40, "humidity": 8, "pressure": 45, "isActive": true },
  { "temperature": 48, "humidity": 2, "pressure": 25, "isActive": true },
  { "temperature": 40, "humidity": 10, "pressure": 46, "isActive": true },
  { "temperature": 48, "humidity": 4, "pressure": 12, "isActive": false },
  { "temperature": 48, "humidity": 8, "pressure": 43, "isActive": true },
  { "temperature": 40, "humidity": 2, "pressure": 42, "isActive": true },
  { "temperature": 48, "humidity": 3, "pressure": 50, "isActive": false },
  { "temperature": 40, "humidity": 8, "pressure": 30, "isActive": true },
  { "temperature": 48, "humidity": 5, "pressure": 44, "isActive": false },
  { "temperature": 40, "humidity": 6, "pressure": 18, "isActive": true },
  { "temperature": 48, "humidity": 6, "pressure": 57, "isActive": true },
  { "temperature": 48, "humidity": 9, "pressure": 39, "isActive": false },
  { "temperature": 40, "humidity": 4, "pressure": 40, "isActive": true },
  { "temperature": 40, "humidity": 2, "pressure": 16, "isActive": false },
  { "temperature": 48, "humidity": 10, "pressure": 12, "isActive": true },
  { "temperature": 40, "humidity": 7, "pressure": 40, "isActive": true },
  { "temperature": 40, "humidity": 8, "pressure": 44, "isActive": true },
  { "temperature": 48, "humidity": 9, "pressure": 19, "isActive": false },
  { "temperature": 40, "humidity": 5, "pressure": 38, "isActive": false },
  { "temperature": 40, "humidity": 2, "pressure": 25, "isActive": false },
  { "temperature": 48, "humidity": 9, "pressure": 34, "isActive": false },
  { "temperature": 40, "humidity": 0, "pressure": 23, "isActive": false },
  { "temperature": 48, "humidity": 1, "pressure": 29, "isActive": false },
  { "temperature": 40, "humidity": 3, "pressure": 33, "isActive": false },
  { "temperature": 48, "humidity": 4, "pressure": 11, "isActive": false },
  { "temperature": 40, "humidity": 8, "pressure": 29, "isActive": true },
  { "temperature": 40, "humidity": 1, "pressure": 57, "isActive": false },
  { "temperature": 40, "humidity": 2, "pressure": 23, "isActive": true },
  { "temperature": 40, "humidity": 10, "pressure": 19, "isActive": false },
  { "temperature": 48, "humidity": 1, "pressure": 46, "isActive": false },
  { "temperature": 48, "humidity": 0, "pressure": 14, "isActive": true },
  { "temperature": 40, "humidity": 10, "pressure": 58, "isActive": false },
  { "temperature": 48, "humidity": 10, "pressure": 44, "isActive": false },
  { "temperature": 40, "humidity": 7, "pressure": 33, "isActive": true },
  { "temperature": 48, "humidity": 3, "pressure": 30, "isActive": true },
  { "temperature": 40, "humidity": 10, "pressure": 19, "isActive": false },
  { "temperature": 48, "humidity": 6, "pressure": 56, "isActive": false },
  { "temperature": 40, "humidity": 4, "pressure": 17, "isActive": true },
  { "temperature": 48, "humidity": 0, "pressure": 53, "isActive": true },
  { "temperature": 40, "humidity": 10, "pressure": 42, "isActive": true },
  { "temperature": 48, "humidity": 10, "pressure": 53, "isActive": false },
  { "temperature": 40, "humidity": 1, "pressure": 49, "isActive": true },
  { "temperature": 40, "humidity": 5, "pressure": 40, "isActive": false },
  { "temperature": 48, "humidity": 1, "pressure": 31, "isActive": false },
  { "temperature": 40, "humidity": 6, "pressure": 37, "isActive": false },
  { "temperature": 40, "humidity": 0, "pressure": 55, "isActive": false },
  { "temperature": 48, "humidity": 3, "pressure": 23, "isActive": false },
  { "temperature": 40, "humidity": 4, "pressure": 32, "isActive": false },
  { "temperature": 48, "humidity": 6, "pressure": 54, "isActive": true },
  { "temperature": 48, "humidity": 5, "pressure": 29, "isActive": false },
  { "temperature": 48, "humidity": 10, "pressure": 37, "isActive": true },
  { "temperature": 48, "humidity": 1, "pressure": 13, "isActive": true },
  { "temperature": 48, "humidity": 3, "pressure": 27, "isActive": false },
  { "temperature": 48, "humidity": 8, "pressure": 26, "isActive": false },
  { "temperature": 40, "humidity": 3, "pressure": 28, "isActive": false },
  { "temperature": 48, "humidity": 10, "pressure": 52, "isActive": false },
  { "temperature": 40, "humidity": 3, "pressure": 36, "isActive": false },
  { "temperature": 48, "humidity": 6, "pressure": 47, "isActive": false },
  { "temperature": 48, "humidity": 0, "pressure": 38, "isActive": false },
  { "temperature": 40, "humidity": 3, "pressure": 43, "isActive": false },
  { "temperature": 48, "humidity": 3, "pressure": 32, "isActive": false },
  { "temperature": 40, "humidity": 5, "pressure": 11, "isActive": true },
  { "temperature": 48, "humidity": 3, "pressure": 46, "isActive": false },
  { "temperature": 48, "humidity": 1, "pressure": 18, "isActive": true },
  { "temperature": 40, "humidity": 2, "pressure": 55, "isActive": true },
  { "temperature": 48, "humidity": 6, "pressure": 43, "isActive": false },
  { "temperature": 40, "humidity": 4, "pressure": 32, "isActive": true },
  { "temperature": 40, "humidity": 3, "pressure": 33, "isActive": false },
  { "temperature": 40, "humidity": 9, "pressure": 22, "isActive": false },
  { "temperature": 40, "humidity": 2, "pressure": 39, "isActive": true },
  { "temperature": 48, "humidity": 10, "pressure": 49, "isActive": true },
  { "temperature": 48, "humidity": 6, "pressure": 58, "isActive": false },
  { "temperature": 40, "humidity": 6, "pressure": 22, "isActive": false },
  { "temperature": 48, "humidity": 8, "pressure": 52, "isActive": true },
  { "temperature": 48, "humidity": 2, "pressure": 22, "isActive": false },
  { "temperature": 48, "humidity": 10, "pressure": 36, "isActive": true },
  { "temperature": 40, "humidity": 10, "pressure": 33, "isActive": false },
  { "temperature": 40, "humidity": 7, "pressure": 24, "isActive": false },
  { "temperature": 40, "humidity": 8, "pressure": 15, "isActive": false },
  { "temperature": 40, "humidity": 9, "pressure": 29, "isActive": false },
  { "temperature": 40, "humidity": 3, "pressure": 41, "isActive": false },
  { "temperature": 48, "humidity": 5, "pressure": 26, "isActive": false },
  { "temperature": 48, "humidity": 9, "pressure": 54, "isActive": false },
  { "temperature": 48, "humidity": 4, "pressure": 36, "isActive": false },
  { "temperature": 48, "humidity": 4, "pressure": 27, "isActive": true },
  { "temperature": 48, "humidity": 0, "pressure": 29, "isActive": true },
  { "temperature": 48, "humidity": 0, "pressure": 20, "isActive": true },
  { "temperature": 40, "humidity": 7, "pressure": 10, "isActive": true },
  { "temperature": 48, "humidity": 6, "pressure": 17, "isActive": false },
  { "temperature": 40, "humidity": 7, "pressure": 19, "isActive": false },
  { "temperature": 48, "humidity": 9, "pressure": 20, "isActive": true },
  { "temperature": 40, "humidity": 5, "pressure": 24, "isActive": false },
  { "temperature": 48, "humidity": 2, "pressure": 54, "isActive": true },
  { "temperature": 40, "humidity": 10, "pressure": 27, "isActive": true },
  { "temperature": 48, "humidity": 7, "pressure": 49, "isActive": true },
  { "temperature": 48, "humidity": 7, "pressure": 45, "isActive": true },
  { "temperature": 40, "humidity": 1, "pressure": 24, "isActive": false },
  { "temperature": 48, "humidity": 5, "pressure": 24, "isActive": false },
  { "temperature": 48, "humidity": 8, "pressure": 29, "isActive": false },
  { "temperature": 48, "humidity": 7, "pressure": 16, "isActive": false },
  { "temperature": 40, "humidity": 2, "pressure": 37, "isActive": false },
  { "temperature": 40, "humidity": 10, "pressure": 56, "isActive": true },
  { "temperature": 40, "humidity": 1, "pressure": 18, "isActive": true },
  { "temperature": 40, "humidity": 3, "pressure": 23, "isActive": true },
  { "temperature": 48, "humidity": 8, "pressure": 11, "isActive": true },
  { "temperature": 48, "humidity": 5, "pressure": 38, "isActive": true },
  { "temperature": 48, "humidity": 7, "pressure": 54, "isActive": true },
  { "temperature": 40, "humidity": 3, "pressure": 56, "isActive": false },
  { "temperature": 48, "humidity": 7, "pressure": 15, "isActive": true },
  { "temperature": 40, "humidity": 3, "pressure": 47, "isActive": false },
  { "temperature": 48, "humidity": 6, "pressure": 10, "isActive": false },
  { "temperature": 48, "humidity": 7, "pressure": 47, "isActive": false },
  { "temperature": 48, "humidity": 1, "pressure": 58, "isActive": false },
  { "temperature": 40, "humidity": 7, "pressure": 16, "isActive": true },
  { "temperature": 40, "humidity": 3, "pressure": 36, "isActive": false },
  { "temperature": 40, "humidity": 3, "pressure": 46, "isActive": false },
  { "temperature": 48, "humidity": 2, "pressure": 53, "isActive": false },
  { "temperature": 40, "humidity": 9, "pressure": 28, "isActive": true },
  { "temperature": 40, "humidity": 10, "pressure": 27, "isActive": false },
  { "temperature": 48, "humidity": 4, "pressure": 14, "isActive": true },
  { "temperature": 48, "humidity": 0, "pressure": 59, "isActive": true },
  { "temperature": 40, "humidity": 1, "pressure": 23, "isActive": false },
  { "temperature": 48, "humidity": 8, "pressure": 39, "isActive": false },
  { "temperature": 40, "humidity": 0, "pressure": 13, "isActive": false },
  { "temperature": 40, "humidity": 10, "pressure": 54, "isActive": true },
  { "temperature": 40, "humidity": 7, "pressure": 17, "isActive": true },
  { "temperature": 40, "humidity": 5, "pressure": 39, "isActive": false },
  { "temperature": 40, "humidity": 4, "pressure": 25, "isActive": true },
  { "temperature": 48, "humidity": 5, "pressure": 24, "isActive": false },
  { "temperature": 48, "humidity": 5, "pressure": 47, "isActive": true },
  { "temperature": 48, "humidity": 1, "pressure": 33, "isActive": false },
  { "temperature": 48, "humidity": 0, "pressure": 13, "isActive": false },
  { "temperature": 40, "humidity": 2, "pressure": 10, "isActive": true },
  { "temperature": 40, "humidity": 4, "pressure": 30, "isActive": false },
  { "temperature": 40, "humidity": 5, "pressure": 41, "isActive": false },
  { "temperature": 48, "humidity": 7, "pressure": 18, "isActive": true },
  { "temperature": 48, "humidity": 6, "pressure": 35, "isActive": true },
  { "temperature": 40, "humidity": 6, "pressure": 46, "isActive": false },
  { "temperature": 40, "humidity": 8, "pressure": 40, "isActive": true },
  { "temperature": 48, "humidity": 5, "pressure": 33, "isActive": false },
  { "temperature": 40, "humidity": 10, "pressure": 24, "isActive": false },
  { "temperature": 40, "humidity": 5, "pressure": 11, "isActive": false },
  { "temperature": 40, "humidity": 6, "pressure": 44, "isActive": true },
  { "temperature": 40, "humidity": 5, "pressure": 13, "isActive": true },
  { "temperature": 48, "humidity": 8, "pressure": 15, "isActive": true },
  { "temperature": 48, "humidity": 7, "pressure": 29, "isActive": true },
  { "temperature": 48, "humidity": 10, "pressure": 36, "isActive": true },
  { "temperature": 40, "humidity": 10, "pressure": 56, "isActive": false },
  { "temperature": 40, "humidity": 5, "pressure": 37, "isActive": false },
  { "temperature": 40, "humidity": 1, "pressure": 17, "isActive": false },
  { "temperature": 40, "humidity": 7, "pressure": 44, "isActive": false },
  { "temperature": 48, "humidity": 4, "pressure": 20, "isActive": true },
  { "temperature": 40, "humidity": 8, "pressure": 42, "isActive": false },
  { "temperature": 48, "humidity": 5, "pressure": 42, "isActive": false },
  { "temperature": 48, "humidity": 4, "pressure": 53, "isActive": true },
  { "temperature": 48, "humidity": 5, "pressure": 38, "isActive": true },
  { "temperature": 40, "humidity": 1, "pressure": 59, "isActive": true },
  { "temperature": 40, "humidity": 8, "pressure": 53, "isActive": false },
  { "temperature": 48, "humidity": 4, "pressure": 23, "isActive": false },
  { "temperature": 48, "humidity": 1, "pressure": 33, "isActive": false },
  { "temperature": 40, "humidity": 4, "pressure": 41, "isActive": false },
  { "temperature": 40, "humidity": 5, "pressure": 28, "isActive": false },
  { "temperature": 40, "humidity": 2, "pressure": 34, "isActive": false },
  { "temperature": 48, "humidity": 1, "pressure": 10, "isActive": false },
  { "temperature": 40, "humidity": 5, "pressure": 59, "isActive": true },
  { "temperature": 40, "humidity": 0, "pressure": 38, "isActive": true },
  { "temperature": 40, "humidity": 10, "pressure": 23, "isActive": true },
  { "temperature": 40, "humidity": 5, "pressure": 54, "isActive": false },
  { "temperature": 48, "humidity": 7, "pressure": 34, "isActive": false },
  { "temperature": 40, "humidity": 0, "pressure": 42, "isActive": false },
  { "temperature": 48, "humidity": 7, "pressure": 15, "isActive": false },
  { "temperature": 48, "humidity": 10, "pressure": 29, "isActive": false },
  { "temperature": 40, "humidity": 0, "pressure": 16, "isActive": true },
  { "temperature": 48, "humidity": 8, "pressure": 37, "isActive": false },
  { "temperature": 40, "humidity": 6, "pressure": 32, "isActive": false },
  { "temperature": 40, "humidity": 1, "pressure": 31, "isActive": false },
  { "temperature": 48, "humidity": 5, "pressure": 21, "isActive": true },
  { "temperature": 48, "humidity": 3, "pressure": 33, "isActive": false },
  { "temperature": 48, "humidity": 0, "pressure": 35, "isActive": true },
  { "temperature": 40, "humidity": 0, "pressure": 15, "isActive": false },
  { "temperature": 48, "humidity": 4, "pressure": 56, "isActive": false },
  { "temperature": 40, "humidity": 8, "pressure": 33, "isActive": false },
  { "temperature": 40, "humidity": 8, "pressure": 55, "isActive": false },
  { "temperature": 48, "humidity": 4, "pressure": 51, "isActive": false },
  { "temperature": 40, "humidity": 3, "pressure": 27, "isActive": true },
  { "temperature": 40, "humidity": 2, "pressure": 34, "isActive": true },
  { "temperature": 48, "humidity": 5, "pressure": 46, "isActive": true },
  { "temperature": 40, "humidity": 0, "pressure": 46, "isActive": true },
  { "temperature": 40, "humidity": 4, "pressure": 30, "isActive": true },
  { "temperature": 40, "humidity": 8, "pressure": 19, "isActive": false },
  { "temperature": 40, "humidity": 8, "pressure": 10, "isActive": false },
  { "temperature": 48, "humidity": 5, "pressure": 59, "isActive": true },
  { "temperature": 48, "humidity": 10, "pressure": 52, "isActive": true },
  { "temperature": 48, "humidity": 2, "pressure": 27, "isActive": false },
  { "temperature": 40, "humidity": 7, "pressure": 23, "isActive": true },
  { "temperature": 40, "humidity": 0, "pressure": 12, "isActive": true },
  { "temperature": 40, "humidity": 0, "pressure": 44, "isActive": true },
  { "temperature": 40, "humidity": 7, "pressure": 19, "isActive": true },
  { "temperature": 40, "humidity": 3, "pressure": 53, "isActive": true },
  { "temperature": 48, "humidity": 3, "pressure": 32, "isActive": false },
  { "temperature": 48, "humidity": 5, "pressure": 56, "isActive": true },
  { "temperature": 48, "humidity": 5, "pressure": 25, "isActive": false },
  { "temperature": 48, "humidity": 3, "pressure": 19, "isActive": false },
  { "temperature": 48, "humidity": 1, "pressure": 45, "isActive": false },
  { "temperature": 40, "humidity": 9, "pressure": 48, "isActive": true },
  { "temperature": 48, "humidity": 9, "pressure": 35, "isActive": true },
  { "temperature": 48, "humidity": 1, "pressure": 59, "isActive": true },
  { "temperature": 48, "humidity": 0, "pressure": 57, "isActive": true },
  { "temperature": 48, "humidity": 4, "pressure": 23, "isActive": false },
  { "temperature": 40, "humidity": 4, "pressure": 22, "isActive": true },
  { "temperature": 48, "humidity": 5, "pressure": 11, "isActive": false },
  { "temperature": 40, "humidity": 6, "pressure": 16, "isActive": true },
  { "temperature": 40, "humidity": 8, "pressure": 24, "isActive": true },
  { "temperature": 48, "humidity": 2, "pressure": 59, "isActive": true },
  { "temperature": 40, "humidity": 2, "pressure": 15, "isActive": true },
  { "temperature": 40, "humidity": 3, "pressure": 30, "isActive": true },
  { "temperature": 48, "humidity": 9, "pressure": 34, "isActive": true },
  { "temperature": 48, "humidity": 9, "pressure": 32, "isActive": true },
  { "temperature": 48, "humidity": 8, "pressure": 13, "isActive": true },
  { "temperature": 40, "humidity": 10, "pressure": 18, "isActive": true },
  { "temperature": 48, "humidity": 2, "pressure": 50, "isActive": true },
  { "temperature": 40, "humidity": 8, "pressure": 57, "isActive": false },
  { "temperature": 48, "humidity": 7, "pressure": 52, "isActive": false },
  { "temperature": 48, "humidity": 1, "pressure": 38, "isActive": false },
  { "temperature": 40, "humidity": 7, "pressure": 10, "isActive": true },
  { "temperature": 40, "humidity": 5, "pressure": 18, "isActive": true },
  { "temperature": 40, "humidity": 4, "pressure": 10, "isActive": false },
  { "temperature": 48, "humidity": 4, "pressure": 44, "isActive": false },
  { "temperature": 48, "humidity": 9, "pressure": 17, "isActive": true },
  { "temperature": 48, "humidity": 4, "pressure": 39, "isActive": true },
  { "temperature": 40, "humidity": 1, "pressure": 54, "isActive": true },
  { "temperature": 48, "humidity": 2, "pressure": 11, "isActive": true },
  { "temperature": 40, "humidity": 0, "pressure": 27, "isActive": false },
  { "temperature": 48, "humidity": 10, "pressure": 11, "isActive": false },
  { "temperature": 48, "humidity": 8, "pressure": 33, "isActive": false },
  { "temperature": 48, "humidity": 6, "pressure": 17, "isActive": true },
  { "temperature": 40, "humidity": 0, "pressure": 45, "isActive": false },
  { "temperature": 40, "humidity": 5, "pressure": 35, "isActive": true },
  { "temperature": 40, "humidity": 0, "pressure": 19, "isActive": false },
  { "temperature": 40, "humidity": 3, "pressure": 43, "isActive": false },
  { "temperature": 40, "humidity": 8, "pressure": 39, "isActive": true },
  { "temperature": 48, "humidity": 7, "pressure": 25, "isActive": false },
  { "temperature": 48, "humidity": 10, "pressure": 38, "isActive": true },
  { "temperature": 48, "humidity": 9, "pressure": 21, "isActive": true },
  { "temperature": 48, "humidity": 0, "pressure": 27, "isActive": false },
  { "temperature": 40, "humidity": 1, "pressure": 49, "isActive": true },
  { "temperature": 48, "humidity": 6, "pressure": 55, "isActive": false },
  { "temperature": 48, "humidity": 10, "pressure": 16, "isActive": true },
  { "temperature": 48, "humidity": 9, "pressure": 59, "isActive": true },
  { "temperature": 40, "humidity": 9, "pressure": 18, "isActive": false },
  { "temperature": 40, "humidity": 0, "pressure": 22, "isActive": false },
  { "temperature": 40, "humidity": 3, "pressure": 12, "isActive": true },
  { "temperature": 48, "humidity": 5, "pressure": 11, "isActive": false },
  { "temperature": 40, "humidity": 1, "pressure": 31, "isActive": false },
  { "temperature": 40, "humidity": 8, "pressure": 47, "isActive": true },
  { "temperature": 40, "humidity": 9, "pressure": 36, "isActive": true },
  { "temperature": 40, "humidity": 8, "pressure": 33, "isActive": false },
  { "temperature": 40, "humidity": 4, "pressure": 27, "isActive": true },
  { "temperature": 40, "humidity": 9, "pressure": 58, "isActive": true },
  { "temperature": 40, "humidity": 0, "pressure": 47, "isActive": false },
  { "temperature": 40, "humidity": 6, "pressure": 46, "isActive": false },
  { "temperature": 40, "humidity": 7, "pressure": 45, "isActive": false },
  { "temperature": 40, "humidity": 3, "pressure": 58, "isActive": false },
  { "temperature": 40, "humidity": 2, "pressure": 24, "isActive": true },
  { "temperature": 40, "humidity": 7, "pressure": 52, "isActive": false },
  { "temperature": 48, "humidity": 6, "pressure": 23, "isActive": false },
  { "temperature": 40, "humidity": 1, "pressure": 17, "isActive": false },
  { "temperature": 40, "humidity": 3, "pressure": 28, "isActive": false },
  { "temperature": 40, "humidity": 2, "pressure": 23, "isActive": false },
  { "temperature": 40, "humidity": 4, "pressure": 20, "isActive": false },
  { "temperature": 48, "humidity": 3, "pressure": 51, "isActive": false },
  { "temperature": 48, "humidity": 2, "pressure": 20, "isActive": true },
  { "temperature": 48, "humidity": 5, "pressure": 26, "isActive": false },
  { "temperature": 48, "humidity": 8, "pressure": 32, "isActive": false },
  { "temperature": 48, "humidity": 3, "pressure": 29, "isActive": false },
  { "temperature": 48, "humidity": 10, "pressure": 50, "isActive": true },
  { "temperature": 48, "humidity": 10, "pressure": 18, "isActive": false },
  { "temperature": 40, "humidity": 4, "pressure": 44, "isActive": false },
  { "temperature": 40, "humidity": 2, "pressure": 15, "isActive": false },
  { "temperature": 48, "humidity": 7, "pressure": 15, "isActive": false },
  { "temperature": 40, "humidity": 1, "pressure": 29, "isActive": true },
  { "temperature": 48, "humidity": 6, "pressure": 39, "isActive": false },
  { "temperature": 40, "humidity": 2, "pressure": 31, "isActive": false },
  { "temperature": 40, "humidity": 3, "pressure": 16, "isActive": true },
  { "temperature": 40, "humidity": 8, "pressure": 11, "isActive": true },
  { "temperature": 40, "humidity": 4, "pressure": 17, "isActive": false },
  { "temperature": 40, "humidity": 6, "pressure": 37, "isActive": true },
  { "temperature": 40, "humidity": 7, "pressure": 46, "isActive": true },
  { "temperature": 40, "humidity": 4, "pressure": 11, "isActive": false },
  { "temperature": 48, "humidity": 10, "pressure": 32, "isActive": true },
  { "temperature": 40, "humidity": 2, "pressure": 52, "isActive": true },
  { "temperature": 40, "humidity": 4, "pressure": 10, "isActive": true },
  { "temperature": 48, "humidity": 3, "pressure": 10, "isActive": true },
  { "temperature": 40, "humidity": 4, "pressure": 25, "isActive": true },
  { "temperature": 40, "humidity": 5, "pressure": 43, "isActive": true },
  { "temperature": 40, "humidity": 0, "pressure": 50, "isActive": true },
  { "temperature": 48, "humidity": 2, "pressure": 11, "isActive": false },
  { "temperature": 48, "humidity": 8, "pressure": 16, "isActive": true },
  { "temperature": 40, "humidity": 8, "pressure": 29, "isActive": false },
  { "temperature": 48, "humidity": 3, "pressure": 48, "isActive": true },
  { "temperature": 40, "humidity": 5, "pressure": 51, "isActive": true },
  { "temperature": 48, "humidity": 1, "pressure": 11, "isActive": false },
  { "temperature": 40, "humidity": 7, "pressure": 29, "isActive": false },
  { "temperature": 48, "humidity": 2, "pressure": 33, "isActive": false },
  { "temperature": 48, "humidity": 2, "pressure": 35, "isActive": false },
  { "temperature": 48, "humidity": 10, "pressure": 51, "isActive": true },
  { "temperature": 48, "humidity": 1, "pressure": 33, "isActive": true },
  { "temperature": 40, "humidity": 7, "pressure": 15, "isActive": false },
  { "temperature": 48, "humidity": 4, "pressure": 31, "isActive": true },
  { "temperature": 48, "humidity": 8, "pressure": 25, "isActive": false },
  { "temperature": 40, "humidity": 2, "pressure": 40, "isActive": true },
  { "temperature": 40, "humidity": 6, "pressure": 58, "isActive": false },
  { "temperature": 40, "humidity": 5, "pressure": 46, "isActive": true },
  { "temperature": 48, "humidity": 1, "pressure": 55, "isActive": true },
  { "temperature": 40, "humidity": 5, "pressure": 25, "isActive": true },
  { "temperature": 40, "humidity": 0, "pressure": 16, "isActive": true },
  { "temperature": 40, "humidity": 7, "pressure": 11, "isActive": false },
  { "temperature": 40, "humidity": 6, "pressure": 24, "isActive": true },
  { "temperature": 48, "humidity": 1, "pressure": 57, "isActive": false },
  { "temperature": 48, "humidity": 9, "pressure": 46, "isActive": false },
  { "temperature": 40, "humidity": 7, "pressure": 34, "isActive": false },
  { "temperature": 40, "humidity": 8, "pressure": 17, "isActive": false },
  { "temperature": 48, "humidity": 6, "pressure": 29, "isActive": true },
  { "temperature": 40, "humidity": 7, "pressure": 49, "isActive": true },
  { "temperature": 40, "humidity": 7, "pressure": 28, "isActive": false },
  { "temperature": 40, "humidity": 3, "pressure": 27, "isActive": true },
  { "temperature": 40, "humidity": 9, "pressure": 16, "isActive": false },
  { "temperature": 48, "humidity": 10, "pressure": 49, "isActive": true },
  { "temperature": 40, "humidity": 5, "pressure": 16, "isActive": false },
  { "temperature": 40, "humidity": 2, "pressure": 12, "isActive": false },
  { "temperature": 48, "humidity": 10, "pressure": 15, "isActive": false },
  { "temperature": 48, "humidity": 9, "pressure": 57, "isActive": false },
  { "temperature": 48, "humidity": 6, "pressure": 55, "isActive": false },
  { "temperature": 40, "humidity": 2, "pressure": 20, "isActive": false },
  { "temperature": 40, "humidity": 5, "pressure": 19, "isActive": true },
  { "temperature": 40, "humidity": 3, "pressure": 44, "isActive": true },
  { "temperature": 48, "humidity": 5, "pressure": 16, "isActive": false },
  { "temperature": 40, "humidity": 2, "pressure": 24, "isActive": true },
  { "temperature": 48, "humidity": 1, "pressure": 49, "isActive": true },
  { "temperature": 40, "humidity": 9, "pressure": 45, "isActive": false },
  { "temperature": 48, "humidity": 9, "pressure": 32, "isActive": true },
  { "temperature": 40, "humidity": 4, "pressure": 56, "isActive": true },
  { "temperature": 40, "humidity": 4, "pressure": 16, "isActive": true },
  { "temperature": 48, "humidity": 1, "pressure": 16, "isActive": false },
  { "temperature": 48, "humidity": 7, "pressure": 20, "isActive": false },
  { "temperature": 40, "humidity": 10, "pressure": 38, "isActive": false },
  { "temperature": 40, "humidity": 0, "pressure": 56, "isActive": false },
  { "temperature": 40, "humidity": 5, "pressure": 53, "isActive": false },
  { "temperature": 48, "humidity": 2, "pressure": 30, "isActive": false },
  { "temperature": 40, "humidity": 4, "pressure": 33, "isActive": true },
  { "temperature": 48, "humidity": 6, "pressure": 42, "isActive": true },
  { "temperature": 40, "humidity": 0, "pressure": 26, "isActive": false },
  { "temperature": 40, "humidity": 1, "pressure": 25, "isActive": true },
  { "temperature": 48, "humidity": 2, "pressure": 36, "isActive": false },
  { "temperature": 40, "humidity": 3, "pressure": 40, "isActive": false },
  { "temperature": 40, "humidity": 2, "pressure": 23, "isActive": true },
  { "temperature": 40, "humidity": 2, "pressure": 36, "isActive": false },
  { "temperature": 48, "humidity": 4, "pressure": 57, "isActive": false },
  { "temperature": 48, "humidity": 7, "pressure": 23, "isActive": false },
  { "temperature": 40, "humidity": 10, "pressure": 12, "isActive": true },
  { "temperature": 48, "humidity": 10, "pressure": 51, "isActive": true },
  { "temperature": 40, "humidity": 8, "pressure": 32, "isActive": true },
  { "temperature": 48, "humidity": 10, "pressure": 10, "isActive": true },
  { "temperature": 40, "humidity": 7, "pressure": 15, "isActive": false },
  { "temperature": 48, "humidity": 4, "pressure": 57, "isActive": true },
  { "temperature": 40, "humidity": 10, "pressure": 38, "isActive": false },
  { "temperature": 40, "humidity": 8, "pressure": 13, "isActive": false },
  { "temperature": 40, "humidity": 8, "pressure": 50, "isActive": true },
  { "temperature": 40, "humidity": 0, "pressure": 45, "isActive": false },
  { "temperature": 40, "humidity": 10, "pressure": 15, "isActive": false },
  { "temperature": 40, "humidity": 6, "pressure": 26, "isActive": false },
  { "temperature": 48, "humidity": 7, "pressure": 27, "isActive": false },
  { "temperature": 48, "humidity": 9, "pressure": 59, "isActive": true },
  { "temperature": 40, "humidity": 1, "pressure": 31, "isActive": false },
  { "temperature": 48, "humidity": 9, "pressure": 10, "isActive": false },
  { "temperature": 48, "humidity": 2, "pressure": 31, "isActive": false },
  { "temperature": 40, "humidity": 6, "pressure": 59, "isActive": false },
  { "temperature": 48, "humidity": 1, "pressure": 12, "isActive": false },
  { "temperature": 48, "humidity": 7, "pressure": 22, "isActive": false },
  { "temperature": 48, "humidity": 6, "pressure": 46, "isActive": false },
  { "temperature": 48, "humidity": 10, "pressure": 32, "isActive": true },
  { "temperature": 48, "humidity": 7, "pressure": 57, "isActive": false },
  { "temperature": 40, "humidity": 8, "pressure": 18, "isActive": true },
  { "temperature": 40, "humidity": 4, "pressure": 15, "isActive": false },
  { "temperature": 48, "humidity": 7, "pressure": 57, "isActive": false },
  { "temperature": 40, "humidity": 8, "pressure": 44, "isActive": true },
  { "temperature": 48, "humidity": 2, "pressure": 35, "isActive": false },
  { "temperature": 40, "humidity": 8, "pressure": 22, "isActive": true },
  { "temperature": 40, "humidity": 3, "pressure": 59, "isActive": true },
  { "temperature": 40, "humidity": 7, "pressure": 56, "isActive": true },
  { "temperature": 48, "humidity": 8, "pressure": 17, "isActive": false },
  { "temperature": 48, "humidity": 2, "pressure": 23, "isActive": true },
  { "temperature": 48, "humidity": 3, "pressure": 19, "isActive": false },
  { "temperature": 48, "humidity": 10, "pressure": 29, "isActive": true },
  { "temperature": 40, "humidity": 0, "pressure": 24, "isActive": true },
  { "temperature": 48, "humidity": 9, "pressure": 41, "isActive": false },
  { "temperature": 48, "humidity": 4, "pressure": 47, "isActive": true },
  { "temperature": 40, "humidity": 6, "pressure": 13, "isActive": true },
  { "temperature": 48, "humidity": 9, "pressure": 50, "isActive": false },
  { "temperature": 48, "humidity": 5, "pressure": 20, "isActive": true },
  { "temperature": 48, "humidity": 10, "pressure": 32, "isActive": false },
  { "temperature": 40, "humidity": 4, "pressure": 55, "isActive": false },
  { "temperature": 48, "humidity": 10, "pressure": 56, "isActive": false },
  { "temperature": 48, "humidity": 0, "pressure": 51, "isActive": false },
  { "temperature": 48, "humidity": 2, "pressure": 28, "isActive": false },
  { "temperature": 48, "humidity": 9, "pressure": 53, "isActive": true },
  { "temperature": 40, "humidity": 8, "pressure": 43, "isActive": false },
  { "temperature": 40, "humidity": 10, "pressure": 58, "isActive": false },
  { "temperature": 40, "humidity": 9, "pressure": 13, "isActive": true },
  { "temperature": 48, "humidity": 4, "pressure": 32, "isActive": false },
  { "temperature": 48, "humidity": 2, "pressure": 51, "isActive": false },
  { "temperature": 40, "humidity": 0, "pressure": 10, "isActive": false },
  { "temperature": 48, "humidity": 8, "pressure": 25, "isActive": false },
  { "temperature": 40, "humidity": 4, "pressure": 10, "isActive": false },
  { "temperature": 48, "humidity": 0, "pressure": 51, "isActive": true },
  { "temperature": 40, "humidity": 7, "pressure": 32, "isActive": false },
  { "temperature": 40, "humidity": 7, "pressure": 37, "isActive": false },
  { "temperature": 40, "humidity": 3, "pressure": 51, "isActive": false },
  { "temperature": 40, "humidity": 6, "pressure": 36, "isActive": false },
  { "temperature": 48, "humidity": 0, "pressure": 18, "isActive": true },
  { "temperature": 48, "humidity": 0, "pressure": 42, "isActive": true },
  { "temperature": 48, "humidity": 3, "pressure": 39, "isActive": false },
  { "temperature": 48, "humidity": 5, "pressure": 21, "isActive": true },
  { "temperature": 48, "humidity": 2, "pressure": 11, "isActive": false },
  { "temperature": 40, "humidity": 3, "pressure": 16, "isActive": true },
  { "temperature": 40, "humidity": 1, "pressure": 40, "isActive": false },
  { "temperature": 48, "humidity": 0, "pressure": 18, "isActive": true },
  { "temperature": 40, "humidity": 0, "pressure": 42, "isActive": true },
  { "temperature": 48, "humidity": 1, "pressure": 54, "isActive": true },
  { "temperature": 48, "humidity": 0, "pressure": 54, "isActive": false },
  { "temperature": 40, "humidity": 9, "pressure": 31, "isActive": true },
  { "temperature": 40, "humidity": 7, "pressure": 37, "isActive": false },
  { "temperature": 48, "humidity": 10, "pressure": 57, "isActive": false },
  { "temperature": 48, "humidity": 7, "pressure": 44, "isActive": true },
  { "temperature": 40, "humidity": 5, "pressure": 53, "isActive": true },
  { "temperature": 40, "humidity": 9, "pressure": 51, "isActive": true },
  { "temperature": 48, "humidity": 10, "pressure": 54, "isActive": true },
  { "temperature": 40, "humidity": 9, "pressure": 14, "isActive": true },
  { "temperature": 40, "humidity": 0, "pressure": 40, "isActive": true },
  { "temperature": 40, "humidity": 10, "pressure": 16, "isActive": false },
  { "temperature": 40, "humidity": 7, "pressure": 58, "isActive": true },
  { "temperature": 48, "humidity": 0, "pressure": 50, "isActive": false },
  { "temperature": 40, "humidity": 6, "pressure": 36, "isActive": false },
  { "temperature": 40, "humidity": 6, "pressure": 40, "isActive": true },
  { "temperature": 48, "humidity": 3, "pressure": 37, "isActive": false },
  { "temperature": 40, "humidity": 5, "pressure": 54, "isActive": false },
  { "temperature": 48, "humidity": 0, "pressure": 21, "isActive": true },
  { "temperature": 40, "humidity": 0, "pressure": 45, "isActive": true },
  { "temperature": 40, "humidity": 10, "pressure": 54, "isActive": false },
  { "temperature": 48, "humidity": 8, "pressure": 30, "isActive": false },
  { "temperature": 48, "humidity": 4, "pressure": 15, "isActive": true },
  { "temperature": 48, "humidity": 5, "pressure": 25, "isActive": false },
  { "temperature": 40, "humidity": 4, "pressure": 45, "isActive": false },
  { "temperature": 48, "humidity": 8, "pressure": 51, "isActive": true },
  { "temperature": 48, "humidity": 1, "pressure": 40, "isActive": false },
  { "temperature": 48, "humidity": 7, "pressure": 25, "isActive": false },
  { "temperature": 48, "humidity": 8, "pressure": 45, "isActive": false },
  { "temperature": 40, "humidity": 5, "pressure": 39, "isActive": false },
  { "temperature": 40, "humidity": 0, "pressure": 27, "isActive": true },
  { "temperature": 48, "humidity": 9, "pressure": 11, "isActive": true },
  { "temperature": 48, "humidity": 7, "pressure": 53, "isActive": false },
  { "temperature": 40, "humidity": 10, "pressure": 26, "isActive": true },
  { "temperature": 40, "humidity": 4, "pressure": 53, "isActive": true },
  { "temperature": 48, "humidity": 7, "pressure": 10, "isActive": true },
  { "temperature": 48, "humidity": 5, "pressure": 58, "isActive": false },
  { "temperature": 48, "humidity": 9, "pressure": 45, "isActive": false },
  { "temperature": 48, "humidity": 4, "pressure": 54, "isActive": true },
  { "temperature": 48, "humidity": 10, "pressure": 36, "isActive": true },
  { "temperature": 40, "humidity": 7, "pressure": 20, "isActive": false },
  { "temperature": 40, "humidity": 4, "pressure": 43, "isActive": false },
  { "temperature": 48, "humidity": 8, "pressure": 16, "isActive": false },
  { "temperature": 48, "humidity": 3, "pressure": 58, "isActive": true },
  { "temperature": 40, "humidity": 8, "pressure": 27, "isActive": false },
  { "temperature": 40, "humidity": 0, "pressure": 57, "isActive": true },
  { "temperature": 40, "humidity": 9, "pressure": 16, "isActive": false },
  { "temperature": 48, "humidity": 0, "pressure": 52, "isActive": false },
  { "temperature": 40, "humidity": 0, "pressure": 18, "isActive": true },
  { "temperature": 48, "humidity": 2, "pressure": 37, "isActive": false },
  { "temperature": 40, "humidity": 0, "pressure": 11, "isActive": false },
  { "temperature": 48, "humidity": 3, "pressure": 17, "isActive": true },
  { "temperature": 40, "humidity": 4, "pressure": 54, "isActive": true },
  { "temperature": 40, "humidity": 5, "pressure": 39, "isActive": true },
  { "temperature": 48, "humidity": 1, "pressure": 20, "isActive": false },
  { "temperature": 48, "humidity": 8, "pressure": 39, "isActive": false },
  { "temperature": 48, "humidity": 10, "pressure": 38, "isActive": false },
  { "temperature": 40, "humidity": 10, "pressure": 12, "isActive": false },
  { "temperature": 48, "humidity": 0, "pressure": 13, "isActive": true },
  { "temperature": 48, "humidity": 4, "pressure": 59, "isActive": true },
  { "temperature": 48, "humidity": 6, "pressure": 40, "isActive": true },
  { "temperature": 40, "humidity": 10, "pressure": 20, "isActive": false },
  { "temperature": 40, "humidity": 1, "pressure": 51, "isActive": true },
  { "temperature": 40, "humidity": 5, "pressure": 49, "isActive": true },
  { "temperature": 48, "humidity": 9, "pressure": 28, "isActive": false },
  { "temperature": 40, "humidity": 6, "pressure": 19, "isActive": true },
  { "temperature": 48, "humidity": 9, "pressure": 52, "isActive": true },
  { "temperature": 40, "humidity": 10, "pressure": 35, "isActive": false },
  { "temperature": 40, "humidity": 2, "pressure": 32, "isActive": true },
  { "temperature": 48, "humidity": 10, "pressure": 38, "isActive": false },
  { "temperature": 48, "humidity": 8, "pressure": 35, "isActive": false },
  { "temperature": 40, "humidity": 2, "pressure": 14, "isActive": false },
  { "temperature": 40, "humidity": 4, "pressure": 51, "isActive": false },
  { "temperature": 48, "humidity": 6, "pressure": 10, "isActive": true },
  { "temperature": 40, "humidity": 2, "pressure": 57, "isActive": true },
  { "temperature": 40, "humidity": 8, "pressure": 53, "isActive": false },
  { "temperature": 40, "humidity": 5, "pressure": 45, "isActive": false },
  { "temperature": 48, "humidity": 7, "pressure": 17, "isActive": true },
  { "temperature": 40, "humidity": 2, "pressure": 32, "isActive": false },
  { "temperature": 40, "humidity": 1, "pressure": 28, "isActive": true },
  { "temperature": 48, "humidity": 0, "pressure": 38, "isActive": false },
  { "temperature": 40, "humidity": 2, "pressure": 41, "isActive": true },
  { "temperature": 40, "humidity": 10, "pressure": 18, "isActive": true },
  { "temperature": 40, "humidity": 5, "pressure": 59, "isActive": true },
  { "temperature": 48, "humidity": 8, "pressure": 23, "isActive": true },
  { "temperature": 40, "humidity": 8, "pressure": 52, "isActive": false },
  { "temperature": 40, "humidity": 10, "pressure": 33, "isActive": false },
  { "temperature": 48, "humidity": 2, "pressure": 37, "isActive": false },
  { "temperature": 48, "humidity": 8, "pressure": 43, "isActive": false },
  { "temperature": 48, "humidity": 0, "pressure": 53, "isActive": true },
  { "temperature": 48, "humidity": 0, "pressure": 52, "isActive": false },
  { "temperature": 48, "humidity": 10, "pressure": 45, "isActive": false },
  { "temperature": 48, "humidity": 9, "pressure": 23, "isActive": false },
  { "temperature": 48, "humidity": 9, "pressure": 59, "isActive": false },
  { "temperature": 40, "humidity": 4, "pressure": 10, "isActive": false },
  { "temperature": 48, "humidity": 10, "pressure": 50, "isActive": false },
  { "temperature": 48, "humidity": 2, "pressure": 34, "isActive": false },
  { "temperature": 40, "humidity": 8, "pressure": 25, "isActive": false },
  { "temperature": 48, "humidity": 6, "pressure": 33, "isActive": false },
  { "temperature": 40, "humidity": 6, "pressure": 49, "isActive": false },
  { "temperature": 48, "humidity": 7, "pressure": 24, "isActive": false },
  { "temperature": 40, "humidity": 9, "pressure": 12, "isActive": true },
  { "temperature": 40, "humidity": 3, "pressure": 50, "isActive": true },
  { "temperature": 48, "humidity": 8, "pressure": 51, "isActive": false },
  { "temperature": 40, "humidity": 8, "pressure": 29, "isActive": true },
  { "temperature": 40, "humidity": 1, "pressure": 34, "isActive": true },
  { "temperature": 48, "humidity": 0, "pressure": 20, "isActive": false },
  { "temperature": 48, "humidity": 1, "pressure": 32, "isActive": false },
  { "temperature": 48, "humidity": 2, "pressure": 16, "isActive": true },
  { "temperature": 48, "humidity": 2, "pressure": 56, "isActive": true },
  { "temperature": 48, "humidity": 0, "pressure": 54, "isActive": true },
  { "temperature": 48, "humidity": 1, "pressure": 38, "isActive": true },
  { "temperature": 48, "humidity": 9, "pressure": 52, "isActive": true },
  { "temperature": 40, "humidity": 4, "pressure": 12, "isActive": true },
  { "temperature": 48, "humidity": 3, "pressure": 26, "isActive": true },
  { "temperature": 40, "humidity": 8, "pressure": 28, "isActive": true },
  { "temperature": 48, "humidity": 3, "pressure": 44, "isActive": false },
  { "temperature": 48, "humidity": 5, "pressure": 12, "isActive": true },
  { "temperature": 48, "humidity": 0, "pressure": 15, "isActive": true },
  { "temperature": 48, "humidity": 5, "pressure": 25, "isActive": false },
  { "temperature": 40, "humidity": 5, "pressure": 43, "isActive": true },
  { "temperature": 48, "humidity": 5, "pressure": 57, "isActive": false },
  { "temperature": 48, "humidity": 10, "pressure": 48, "isActive": false },
  { "temperature": 48, "humidity": 7, "pressure": 31, "isActive": false },
  { "temperature": 40, "humidity": 10, "pressure": 11, "isActive": true },
  { "temperature": 48, "humidity": 4, "pressure": 46, "isActive": true },
  { "temperature": 48, "humidity": 4, "pressure": 49, "isActive": true },
  { "temperature": 48, "humidity": 2, "pressure": 28, "isActive": false },
  { "temperature": 40, "humidity": 5, "pressure": 53, "isActive": true },
  { "temperature": 48, "humidity": 6, "pressure": 24, "isActive": true },
  { "temperature": 48, "humidity": 1, "pressure": 33, "isActive": false },
  { "temperature": 40, "humidity": 3, "pressure": 55, "isActive": true },
  { "temperature": 40, "humidity": 0, "pressure": 25, "isActive": false },
  { "temperature": 40, "humidity": 10, "pressure": 26, "isActive": false },
  { "temperature": 40, "humidity": 5, "pressure": 14, "isActive": true },
  { "temperature": 40, "humidity": 7, "pressure": 12, "isActive": false },
  { "temperature": 40, "humidity": 8, "pressure": 35, "isActive": false },
  { "temperature": 40, "humidity": 6, "pressure": 47, "isActive": true },
  { "temperature": 48, "humidity": 3, "pressure": 45, "isActive": true },
  { "temperature": 40, "humidity": 8, "pressure": 51, "isActive": true },
  { "temperature": 40, "humidity": 4, "pressure": 18, "isActive": false },
  { "temperature": 48, "humidity": 8, "pressure": 21, "isActive": true },
  { "temperature": 40, "humidity": 8, "pressure": 15, "isActive": false },
  { "temperature": 40, "humidity": 3, "pressure": 30, "isActive": true },
  { "temperature": 48, "humidity": 6, "pressure": 47, "isActive": true },
  { "temperature": 40, "humidity": 1, "pressure": 20, "isActive": false },
  { "temperature": 48, "humidity": 7, "pressure": 21, "isActive": false },
  { "temperature": 48, "humidity": 0, "pressure": 46, "isActive": true },
  { "temperature": 48, "humidity": 8, "pressure": 46, "isActive": false },
  { "temperature": 48, "humidity": 9, "pressure": 45, "isActive": false },
  { "temperature": 40, "humidity": 2, "pressure": 33, "isActive": true },
  { "temperature": 48, "humidity": 5, "pressure": 45, "isActive": false },
  { "temperature": 48, "humidity": 7, "pressure": 55, "isActive": true },
  { "temperature": 48, "humidity": 2, "pressure": 13, "isActive": true },
  { "temperature": 40, "humidity": 5, "pressure": 57, "isActive": false },
  { "temperature": 40, "humidity": 5, "pressure": 53, "isActive": true },
  { "temperature": 48, "humidity": 6, "pressure": 41, "isActive": false },
  { "temperature": 40, "humidity": 6, "pressure": 53, "isActive": true },
  { "temperature": 40, "humidity": 4, "pressure": 49, "isActive": true },
  { "temperature": 48, "humidity": 8, "pressure": 24, "isActive": true },
  { "temperature": 48, "humidity": 6, "pressure": 13, "isActive": true },
  { "temperature": 40, "humidity": 4, "pressure": 12, "isActive": true },
  { "temperature": 48, "humidity": 4, "pressure": 45, "isActive": false },
  { "temperature": 48, "humidity": 7, "pressure": 48, "isActive": false },
  { "temperature": 40, "humidity": 4, "pressure": 29, "isActive": false },
  { "temperature": 48, "humidity": 4, "pressure": 58, "isActive": true },
  { "temperature": 48, "humidity": 7, "pressure": 11, "isActive": false },
  { "temperature": 40, "humidity": 9, "pressure": 18, "isActive": false },
  { "temperature": 48, "humidity": 0, "pressure": 29, "isActive": true },
  { "temperature": 40, "humidity": 10, "pressure": 19, "isActive": false },
  { "temperature": 48, "humidity": 4, "pressure": 50, "isActive": false },
  { "temperature": 48, "humidity": 8, "pressure": 25, "isActive": false },
  { "temperature": 40, "humidity": 0, "pressure": 34, "isActive": true },
  { "temperature": 48, "humidity": 9, "pressure": 21, "isActive": true },
  { "temperature": 48, "humidity": 6, "pressure": 55, "isActive": true },
  { "temperature": 40, "humidity": 0, "pressure": 15, "isActive": true },
  { "temperature": 48, "humidity": 4, "pressure": 23, "isActive": true },
  { "temperature": 48, "humidity": 3, "pressure": 10, "isActive": false },
  { "temperature": 40, "humidity": 8, "pressure": 14, "isActive": false },
  { "temperature": 48, "humidity": 9, "pressure": 11, "isActive": true },
  { "temperature": 48, "humidity": 4, "pressure": 26, "isActive": true },
  { "temperature": 40, "humidity": 10, "pressure": 41, "isActive": true },
  { "temperature": 48, "humidity": 4, "pressure": 22, "isActive": true },
  { "temperature": 40, "humidity": 0, "pressure": 35, "isActive": false },
  { "temperature": 40, "humidity": 10, "pressure": 44, "isActive": true },
  { "temperature": 40, "humidity": 2, "pressure": 38, "isActive": true },
  { "temperature": 48, "humidity": 0, "pressure": 56, "isActive": false },
  { "temperature": 40, "humidity": 8, "pressure": 17, "isActive": false },
  { "temperature": 48, "humidity": 8, "pressure": 36, "isActive": false },
  { "temperature": 40, "humidity": 8, "pressure": 15, "isActive": false },
  { "temperature": 48, "humidity": 0, "pressure": 16, "isActive": false },
  { "temperature": 48, "humidity": 6, "pressure": 55, "isActive": false },
  { "temperature": 48, "humidity": 1, "pressure": 56, "isActive": false },
  { "temperature": 40, "humidity": 8, "pressure": 43, "isActive": false },
  { "temperature": 40, "humidity": 1, "pressure": 12, "isActive": true },
  { "temperature": 40, "humidity": 10, "pressure": 45, "isActive": false },
  { "temperature": 48, "humidity": 9, "pressure": 34, "isActive": false },
  { "temperature": 48, "humidity": 8, "pressure": 17, "isActive": true },
  { "temperature": 40, "humidity": 10, "pressure": 56, "isActive": false },
  { "temperature": 48, "humidity": 1, "pressure": 25, "isActive": true },
  { "temperature": 40, "humidity": 6, "pressure": 34, "isActive": false },
  { "temperature": 40, "humidity": 0, "pressure": 17, "isActive": false },
  { "temperature": 40, "humidity": 7, "pressure": 28, "isActive": true },
  { "temperature": 48, "humidity": 6, "pressure": 36, "isActive": true },
  { "temperature": 40, "humidity": 9, "pressure": 58, "isActive": false },
  { "temperature": 48, "humidity": 6, "pressure": 53, "isActive": true },
  { "temperature": 48, "humidity": 8, "pressure": 49, "isActive": false },
  { "temperature": 48, "humidity": 6, "pressure": 58, "isActive": false },
  { "temperature": 48, "humidity": 0, "pressure": 11, "isActive": false },
  { "temperature": 48, "humidity": 7, "pressure": 46, "isActive": true },
  { "temperature": 48, "humidity": 10, "pressure": 35, "isActive": true },
  { "temperature": 40, "humidity": 2, "pressure": 18, "isActive": false },
  { "temperature": 40, "humidity": 8, "pressure": 32, "isActive": true },
  { "temperature": 48, "humidity": 6, "pressure": 23, "isActive": false },
  { "temperature": 48, "humidity": 3, "pressure": 10, "isActive": true },
  { "temperature": 48, "humidity": 5, "pressure": 33, "isActive": false },
  { "temperature": 48, "humidity": 1, "pressure": 59, "isActive": false },
  { "temperature": 48, "humidity": 1, "pressure": 16, "isActive": true },
  { "temperature": 40, "humidity": 10, "pressure": 22, "isActive": true },
  { "temperature": 40, "humidity": 8, "pressure": 46, "isActive": false },
  { "temperature": 40, "humidity": 6, "pressure": 36, "isActive": false },
  { "temperature": 48, "humidity": 6, "pressure": 26, "isActive": false },
  { "temperature": 48, "humidity": 3, "pressure": 23, "isActive": false },
  { "temperature": 40, "humidity": 6, "pressure": 13, "isActive": true },
  { "temperature": 48, "humidity": 1, "pressure": 49, "isActive": false },
  { "temperature": 40, "humidity": 2, "pressure": 43, "isActive": true },
  { "temperature": 40, "humidity": 3, "pressure": 15, "isActive": false },
  { "temperature": 48, "humidity": 4, "pressure": 53, "isActive": true },
  { "temperature": 48, "humidity": 10, "pressure": 41, "isActive": true },
  { "temperature": 40, "humidity": 1, "pressure": 47, "isActive": false },
  { "temperature": 48, "humidity": 2, "pressure": 33, "isActive": false },
  { "temperature": 40, "humidity": 0, "pressure": 58, "isActive": false },
  { "temperature": 40, "humidity": 2, "pressure": 42, "isActive": false },
  { "temperature": 48, "humidity": 6, "pressure": 54, "isActive": true },
  { "temperature": 48, "humidity": 4, "pressure": 26, "isActive": false },
  { "temperature": 48, "humidity": 2, "pressure": 47, "isActive": false },
  { "temperature": 40, "humidity": 1, "pressure": 24, "isActive": true },
  { "temperature": 48, "humidity": 6, "pressure": 36, "isActive": false },
  { "temperature": 40, "humidity": 7, "pressure": 51, "isActive": true },
  { "temperature": 48, "humidity": 4, "pressure": 29, "isActive": true },
  { "temperature": 40, "humidity": 9, "pressure": 19, "isActive": false },
  { "temperature": 40, "humidity": 5, "pressure": 19, "isActive": false },
  { "temperature": 48, "humidity": 6, "pressure": 45, "isActive": false },
  { "temperature": 40, "humidity": 3, "pressure": 53, "isActive": false },
  { "temperature": 40, "humidity": 8, "pressure": 19, "isActive": false },
  { "temperature": 48, "humidity": 10, "pressure": 35, "isActive": true },
  { "temperature": 48, "humidity": 8, "pressure": 31, "isActive": false },
  { "temperature": 40, "humidity": 3, "pressure": 24, "isActive": false },
  { "temperature": 48, "humidity": 0, "pressure": 37, "isActive": false },
  { "temperature": 40, "humidity": 9, "pressure": 49, "isActive": false },
  { "temperature": 40, "humidity": 5, "pressure": 52, "isActive": false },
  { "temperature": 48, "humidity": 1, "pressure": 10, "isActive": true },
  { "temperature": 40, "humidity": 6, "pressure": 21, "isActive": false },
  { "temperature": 48, "humidity": 5, "pressure": 39, "isActive": true },
  { "temperature": 40, "humidity": 9, "pressure": 45, "isActive": true },
  { "temperature": 48, "humidity": 0, "pressure": 31, "isActive": true },
  { "temperature": 48, "humidity": 3, "pressure": 41, "isActive": true },
  { "temperature": 40, "humidity": 9, "pressure": 56, "isActive": true },
  { "temperature": 48, "humidity": 7, "pressure": 50, "isActive": false },
  { "temperature": 40, "humidity": 0, "pressure": 27, "isActive": true },
  { "temperature": 40, "humidity": 8, "pressure": 54, "isActive": true },
  { "temperature": 40, "humidity": 5, "pressure": 19, "isActive": false },
  { "temperature": 48, "humidity": 0, "pressure": 19, "isActive": false },
  { "temperature": 48, "humidity": 7, "pressure": 48, "isActive": false },
  { "temperature": 48, "humidity": 9, "pressure": 35, "isActive": true },
  { "temperature": 40, "humidity": 4, "pressure": 49, "isActive": false },
  { "temperature": 40, "humidity": 4, "pressure": 57, "isActive": false },
  { "temperature": 48, "humidity": 7, "pressure": 41, "isActive": false },
  { "temperature": 48, "humidity": 9, "pressure": 15, "isActive": false },
  { "temperature": 40, "humidity": 10, "pressure": 25, "isActive": false },
  { "temperature": 48, "humidity": 3, "pressure": 54, "isActive": true },
  { "temperature": 48, "humidity": 0, "pressure": 24, "isActive": false },
  { "temperature": 40, "humidity": 4, "pressure": 20, "isActive": true },
  { "temperature": 40, "humidity": 5, "pressure": 30, "isActive": true },
  { "temperature": 40, "humidity": 2, "pressure": 25, "isActive": false },
  { "temperature": 40, "humidity": 3, "pressure": 57, "isActive": true },
  { "temperature": 40, "humidity": 5, "pressure": 36, "isActive": true },
  { "temperature": 40, "humidity": 4, "pressure": 47, "isActive": false },
  { "temperature": 40, "humidity": 7, "pressure": 44, "isActive": false },
  { "temperature": 48, "humidity": 4, "pressure": 58, "isActive": false },
  { "temperature": 48, "humidity": 1, "pressure": 57, "isActive": true },
  { "temperature": 40, "humidity": 5, "pressure": 59, "isActive": false },
  { "temperature": 48, "humidity": 9, "pressure": 29, "isActive": false },
  { "temperature": 40, "humidity": 8, "pressure": 33, "isActive": false },
  { "temperature": 48, "humidity": 5, "pressure": 14, "isActive": true },
  { "temperature": 48, "humidity": 3, "pressure": 17, "isActive": false },
  { "temperature": 48, "humidity": 8, "pressure": 16, "isActive": true },
  { "temperature": 40, "humidity": 7, "pressure": 24, "isActive": false },
  { "temperature": 40, "humidity": 2, "pressure": 55, "isActive": true },
  { "temperature": 40, "humidity": 2, "pressure": 48, "isActive": true },
  { "temperature": 48, "humidity": 0, "pressure": 26, "isActive": false },
  { "temperature": 48, "humidity": 3, "pressure": 31, "isActive": true },
  { "temperature": 40, "humidity": 6, "pressure": 29, "isActive": false },
  { "temperature": 48, "humidity": 0, "pressure": 18, "isActive": true },
  { "temperature": 48, "humidity": 10, "pressure": 18, "isActive": true },
  { "temperature": 48, "humidity": 2, "pressure": 32, "isActive": true },
  { "temperature": 40, "humidity": 8, "pressure": 20, "isActive": false },
  { "temperature": 40, "humidity": 2, "pressure": 26, "isActive": true },
  { "temperature": 48, "humidity": 1, "pressure": 19, "isActive": false },
  { "temperature": 48, "humidity": 2, "pressure": 19, "isActive": false },
  { "temperature": 48, "humidity": 5, "pressure": 18, "isActive": true },
  { "temperature": 40, "humidity": 9, "pressure": 38, "isActive": true },
  { "temperature": 40, "humidity": 10, "pressure": 36, "isActive": false },
  { "temperature": 48, "humidity": 0, "pressure": 11, "isActive": false },
  { "temperature": 48, "humidity": 9, "pressure": 24, "isActive": false },
  { "temperature": 48, "humidity": 7, "pressure": 55, "isActive": true },
  { "temperature": 48, "humidity": 6, "pressure": 18, "isActive": true },
  { "temperature": 40, "humidity": 1, "pressure": 25, "isActive": true },
  { "temperature": 40, "humidity": 0, "pressure": 12, "isActive": true },
  { "temperature": 48, "humidity": 1, "pressure": 32, "isActive": false },
  { "temperature": 48, "humidity": 1, "pressure": 24, "isActive": true },
  { "temperature": 48, "humidity": 5, "pressure": 30, "isActive": false },
  { "temperature": 40, "humidity": 10, "pressure": 15, "isActive": true },
  { "temperature": 48, "humidity": 7, "pressure": 47, "isActive": true },
  { "temperature": 48, "humidity": 2, "pressure": 34, "isActive": false },
  { "temperature": 48, "humidity": 3, "pressure": 30, "isActive": false },
  { "temperature": 40, "humidity": 10, "pressure": 50, "isActive": false },
  { "temperature": 40, "humidity": 2, "pressure": 59, "isActive": false },
  { "temperature": 48, "humidity": 3, "pressure": 57, "isActive": true },
  { "temperature": 48, "humidity": 0, "pressure": 29, "isActive": false },
  { "temperature": 40, "humidity": 6, "pressure": 56, "isActive": false },
  { "temperature": 40, "humidity": 0, "pressure": 37, "isActive": false },
  { "temperature": 48, "humidity": 7, "pressure": 14, "isActive": true },
  { "temperature": 48, "humidity": 4, "pressure": 17, "isActive": false },
  { "temperature": 40, "humidity": 9, "pressure": 23, "isActive": true },
  { "temperature": 40, "humidity": 4, "pressure": 10, "isActive": true },
  { "temperature": 40, "humidity": 9, "pressure": 40, "isActive": false },
  { "temperature": 40, "humidity": 3, "pressure": 18, "isActive": true },
  { "temperature": 48, "humidity": 1, "pressure": 55, "isActive": false },
  { "temperature": 48, "humidity": 10, "pressure": 19, "isActive": false },
  { "temperature": 48, "humidity": 0, "pressure": 33, "isActive": false },
  { "temperature": 40, "humidity": 9, "pressure": 33, "isActive": false },
  { "temperature": 48, "humidity": 9, "pressure": 46, "isActive": false },
  { "temperature": 48, "humidity": 1, "pressure": 13, "isActive": false },
  { "temperature": 40, "humidity": 5, "pressure": 47, "isActive": true },
  { "temperature": 48, "humidity": 9, "pressure": 10, "isActive": true },
  { "temperature": 40, "humidity": 10, "pressure": 43, "isActive": false },
  { "temperature": 48, "humidity": 5, "pressure": 19, "isActive": true },
  { "temperature": 40, "humidity": 0, "pressure": 14, "isActive": false },
  { "temperature": 48, "humidity": 0, "pressure": 42, "isActive": true },
  { "temperature": 40, "humidity": 2, "pressure": 23, "isActive": false },
  { "temperature": 40, "humidity": 8, "pressure": 36, "isActive": false },
  { "temperature": 48, "humidity": 5, "pressure": 59, "isActive": true },
  { "temperature": 40, "humidity": 7, "pressure": 56, "isActive": true },
  { "temperature": 40, "humidity": 2, "pressure": 56, "isActive": false },
  { "temperature": 48, "humidity": 7, "pressure": 38, "isActive": false },
  { "temperature": 40, "humidity": 10, "pressure": 44, "isActive": true },
  { "temperature": 48, "humidity": 6, "pressure": 38, "isActive": false },
  { "temperature": 48, "humidity": 4, "pressure": 50, "isActive": false },
  { "temperature": 40, "humidity": 8, "pressure": 36, "isActive": true },
  { "temperature": 48, "humidity": 7, "pressure": 38, "isActive": false },
  { "temperature": 48, "humidity": 2, "pressure": 42, "isActive": true },
  { "temperature": 48, "humidity": 8, "pressure": 50, "isActive": false },
  { "temperature": 40, "humidity": 7, "pressure": 39, "isActive": false },
  { "temperature": 40, "humidity": 4, "pressure": 10, "isActive": true },
  { "temperature": 48, "humidity": 9, "pressure": 37, "isActive": true },
  { "temperature": 48, "humidity": 2, "pressure": 14, "isActive": true },
  { "temperature": 40, "humidity": 3, "pressure": 47, "isActive": false },
  { "temperature": 40, "humidity": 8, "pressure": 30, "isActive": false },
  { "temperature": 48, "humidity": 7, "pressure": 13, "isActive": false },
  { "temperature": 48, "humidity": 9, "pressure": 11, "isActive": true },
  { "temperature": 40, "humidity": 1, "pressure": 49, "isActive": false },
  { "temperature": 48, "humidity": 3, "pressure": 52, "isActive": false },
  { "temperature": 48, "humidity": 5, "pressure": 25, "isActive": true },
  { "temperature": 40, "humidity": 4, "pressure": 44, "isActive": false },
  { "temperature": 40, "humidity": 0, "pressure": 57, "isActive": false },
  { "temperature": 48, "humidity": 1, "pressure": 46, "isActive": false },
  { "temperature": 40, "humidity": 10, "pressure": 36, "isActive": false },
  { "temperature": 48, "humidity": 4, "pressure": 51, "isActive": false },
  { "temperature": 40, "humidity": 3, "pressure": 26, "isActive": false },
  { "temperature": 48, "humidity": 0, "pressure": 44, "isActive": false },
  { "temperature": 48, "humidity": 1, "pressure": 23, "isActive": true },
  { "temperature": 48, "humidity": 10, "pressure": 59, "isActive": false },
  { "temperature": 48, "humidity": 0, "pressure": 53, "isActive": false },
  { "temperature": 40, "humidity": 6, "pressure": 24, "isActive": false },
  { "temperature": 48, "humidity": 9, "pressure": 35, "isActive": false },
  { "temperature": 40, "humidity": 5, "pressure": 29, "isActive": false },
  { "temperature": 48, "humidity": 5, "pressure": 16, "isActive": false },
  { "temperature": 48, "humidity": 5, "pressure": 22, "isActive": true },
  { "temperature": 40, "humidity": 10, "pressure": 54, "isActive": true },
  { "temperature": 40, "humidity": 8, "pressure": 30, "isActive": false },
  { "temperature": 48, "humidity": 2, "pressure": 15, "isActive": false },
  { "temperature": 48, "humidity": 3, "pressure": 40, "isActive": true },
  { "temperature": 40, "humidity": 1, "pressure": 17, "isActive": false },
  { "temperature": 40, "humidity": 10, "pressure": 40, "isActive": false },
  { "temperature": 48, "humidity": 3, "pressure": 16, "isActive": true },
  { "temperature": 48, "humidity": 8, "pressure": 41, "isActive": false },
  { "temperature": 40, "humidity": 10, "pressure": 19, "isActive": true },
  { "temperature": 40, "humidity": 4, "pressure": 41, "isActive": true },
  { "temperature": 40, "humidity": 2, "pressure": 35, "isActive": false },
  { "temperature": 48, "humidity": 8, "pressure": 41, "isActive": true },
  { "temperature": 48, "humidity": 3, "pressure": 42, "isActive": false },
  { "temperature": 40, "humidity": 3, "pressure": 43, "isActive": false },
  { "temperature": 48, "humidity": 3, "pressure": 24, "isActive": true },
  { "temperature": 40, "humidity": 8, "pressure": 54, "isActive": false },
  { "temperature": 48, "humidity": 0, "pressure": 53, "isActive": false },
  { "temperature": 40, "humidity": 5, "pressure": 15, "isActive": true },
  { "temperature": 48, "humidity": 0, "pressure": 49, "isActive": true },
  { "temperature": 48, "humidity": 6, "pressure": 18, "isActive": true },
  { "temperature": 40, "humidity": 9, "pressure": 53, "isActive": true },
  { "temperature": 40, "humidity": 2, "pressure": 18, "isActive": true },
  { "temperature": 40, "humidity": 3, "pressure": 56, "isActive": true },
  { "temperature": 40, "humidity": 2, "pressure": 32, "isActive": true },
  { "temperature": 48, "humidity": 0, "pressure": 56, "isActive": true },
  { "temperature": 48, "humidity": 5, "pressure": 10, "isActive": false },
  { "temperature": 48, "humidity": 7, "pressure": 51, "isActive": false },
  { "temperature": 40, "humidity": 8, "pressure": 32, "isActive": true },
  { "temperature": 40, "humidity": 0, "pressure": 32, "isActive": true },
  { "temperature": 48, "humidity": 8, "pressure": 40, "isActive": true },
  { "temperature": 40, "humidity": 1, "pressure": 31, "isActive": true },
  { "temperature": 48, "humidity": 4, "pressure": 33, "isActive": true },
  { "temperature": 40, "humidity": 3, "pressure": 38, "isActive": false },
  { "temperature": 40, "humidity": 5, "pressure": 46, "isActive": false },
  { "temperature": 40, "humidity": 4, "pressure": 17, "isActive": false },
  { "temperature": 48, "humidity": 0, "pressure": 11, "isActive": true },
  { "temperature": 40, "humidity": 6, "pressure": 16, "isActive": false },
  { "temperature": 40, "humidity": 0, "pressure": 41, "isActive": true },
  { "temperature": 40, "humidity": 3, "pressure": 45, "isActive": true },
  { "temperature": 40, "humidity": 0, "pressure": 50, "isActive": false },
  { "temperature": 40, "humidity": 7, "pressure": 57, "isActive": false },
  { "temperature": 48, "humidity": 9, "pressure": 29, "isActive": true },
  { "temperature": 48, "humidity": 2, "pressure": 34, "isActive": true },
  { "temperature": 40, "humidity": 2, "pressure": 27, "isActive": false },
  { "temperature": 40, "humidity": 6, "pressure": 16, "isActive": false },
  { "temperature": 40, "humidity": 4, "pressure": 17, "isActive": true },
  { "temperature": 40, "humidity": 4, "pressure": 35, "isActive": true },
  { "temperature": 48, "humidity": 3, "pressure": 37, "isActive": false },
  { "temperature": 40, "humidity": 10, "pressure": 30, "isActive": false },
  { "temperature": 40, "humidity": 8, "pressure": 49, "isActive": false },
  { "temperature": 40, "humidity": 1, "pressure": 41, "isActive": true },
  { "temperature": 40, "humidity": 6, "pressure": 49, "isActive": true },
  { "temperature": 40, "humidity": 5, "pressure": 49, "isActive": true },
  { "temperature": 48, "humidity": 5, "pressure": 22, "isActive": false },
  { "temperature": 48, "humidity": 1, "pressure": 10, "isActive": true },
  { "temperature": 48, "humidity": 10, "pressure": 41, "isActive": true },
  { "temperature": 40, "humidity": 8, "pressure": 33, "isActive": false },
  { "temperature": 48, "humidity": 5, "pressure": 38, "isActive": true },
  { "temperature": 48, "humidity": 1, "pressure": 28, "isActive": true },
  { "temperature": 48, "humidity": 4, "pressure": 28, "isActive": false },
  { "temperature": 40, "humidity": 10, "pressure": 18, "isActive": false },
  { "temperature": 48, "humidity": 4, "pressure": 20, "isActive": false },
  { "temperature": 40, "humidity": 6, "pressure": 17, "isActive": true },
  { "temperature": 40, "humidity": 8, "pressure": 29, "isActive": false },
  { "temperature": 48, "humidity": 0, "pressure": 33, "isActive": false },
  { "temperature": 40, "humidity": 3, "pressure": 35, "isActive": false },
  { "temperature": 40, "humidity": 10, "pressure": 28, "isActive": true },
  { "temperature": 40, "humidity": 5, "pressure": 28, "isActive": false },
  { "temperature": 40, "humidity": 7, "pressure": 13, "isActive": true },
  { "temperature": 48, "humidity": 0, "pressure": 32, "isActive": true },
  { "temperature": 48, "humidity": 0, "pressure": 21, "isActive": false },
  { "temperature": 40, "humidity": 7, "pressure": 16, "isActive": true },
  { "temperature": 48, "humidity": 1, "pressure": 53, "isActive": false },
  { "temperature": 48, "humidity": 1, "pressure": 42, "isActive": false },
  { "temperature": 40, "humidity": 3, "pressure": 34, "isActive": false },
  { "temperature": 48, "humidity": 0, "pressure": 58, "isActive": false },
  { "temperature": 40, "humidity": 8, "pressure": 19, "isActive": true },
  { "temperature": 48, "humidity": 5, "pressure": 14, "isActive": true },
  { "temperature": 40, "humidity": 7, "pressure": 55, "isActive": true },
  { "temperature": 40, "humidity": 4, "pressure": 20, "isActive": true },
  { "temperature": 40, "humidity": 9, "pressure": 45, "isActive": false },
  { "temperature": 40, "humidity": 7, "pressure": 47, "isActive": false },
  { "temperature": 48, "humidity": 1, "pressure": 25, "isActive": false },
  { "temperature": 40, "humidity": 8, "pressure": 49, "isActive": false },
  { "temperature": 40, "humidity": 9, "pressure": 36, "isActive": false },
  { "temperature": 48, "humidity": 4, "pressure": 43, "isActive": true },
  { "temperature": 48, "humidity": 10, "pressure": 11, "isActive": true },
  { "temperature": 40, "humidity": 6, "pressure": 32, "isActive": true },
  { "temperature": 48, "humidity": 10, "pressure": 13, "isActive": false },
  { "temperature": 48, "humidity": 1, "pressure": 29, "isActive": false },
  { "temperature": 48, "humidity": 10, "pressure": 54, "isActive": false },
  { "temperature": 48, "humidity": 7, "pressure": 32, "isActive": true },
  { "temperature": 40, "humidity": 9, "pressure": 26, "isActive": true },
  { "temperature": 48, "humidity": 7, "pressure": 47, "isActive": false },
  { "temperature": 48, "humidity": 2, "pressure": 26, "isActive": true },
  { "temperature": 48, "humidity": 10, "pressure": 27, "isActive": true },
  { "temperature": 40, "humidity": 4, "pressure": 34, "isActive": true },
  { "temperature": 40, "humidity": 4, "pressure": 42, "isActive": true },
  { "temperature": 40, "humidity": 7, "pressure": 13, "isActive": false },
  { "temperature": 40, "humidity": 5, "pressure": 24, "isActive": true },
  { "temperature": 40, "humidity": 4, "pressure": 37, "isActive": false },
  { "temperature": 40, "humidity": 8, "pressure": 23, "isActive": false },
  { "temperature": 48, "humidity": 9, "pressure": 12, "isActive": true },
  { "temperature": 48, "humidity": 4, "pressure": 51, "isActive": true },
  { "temperature": 40, "humidity": 2, "pressure": 50, "isActive": false },
  { "temperature": 40, "humidity": 7, "pressure": 15, "isActive": true },
  { "temperature": 48, "humidity": 7, "pressure": 21, "isActive": false },
  { "temperature": 48, "humidity": 2, "pressure": 52, "isActive": false },
  { "temperature": 48, "humidity": 1, "pressure": 25, "isActive": true },
  { "temperature": 40, "humidity": 3, "pressure": 59, "isActive": false },
  { "temperature": 40, "humidity": 4, "pressure": 11, "isActive": true },
  { "temperature": 40, "humidity": 8, "pressure": 52, "isActive": true },
  { "temperature": 48, "humidity": 9, "pressure": 18, "isActive": false },
  { "temperature": 48, "humidity": 6, "pressure": 23, "isActive": true },
  { "temperature": 40, "humidity": 4, "pressure": 25, "isActive": true },
  { "temperature": 48, "humidity": 4, "pressure": 10, "isActive": true },
  { "temperature": 40, "humidity": 3, "pressure": 11, "isActive": true },
  { "temperature": 40, "humidity": 9, "pressure": 16, "isActive": true },
  { "temperature": 48, "humidity": 6, "pressure": 15, "isActive": false },
  { "temperature": 40, "humidity": 1, "pressure": 24, "isActive": false },
  { "temperature": 40, "humidity": 6, "pressure": 37, "isActive": true }
]
